{"stats":{"minecraft:killed_by":{"minecraft:spider":1},"minecraft:picked_up":{"minecraft:birch_log":1,"minecraft:gunpowder":2},"minecraft:crafted":{"minecraft:birch_planks":4},"minecraft:custom":{"minecraft:jump":98,"minecraft:time_since_rest":171,"minecraft:leave_game":1,"minecraft:deaths":1,"minecraft:walk_on_water_one_cm":698,"minecraft:sprint_one_cm":23235,"minecraft:play_time":3606,"minecraft:damage_taken":250,"minecraft:time_since_death":0,"minecraft:walk_one_cm":4219,"minecraft:sneak_time":36,"minecraft:walk_under_water_one_cm":1207,"minecraft:total_world_time":3606,"minecraft:swim_one_cm":5508,"minecraft:fall_one_cm":2570,"minecraft:fly_one_cm":26014}},"DataVersion":3465}